class,file,width,height,corrupt
.ipynb_checkpoints,CBD_Coffee Bean Dataset/.ipynb_checkpoints/ImageDataset-checkpoint.ipynb,,,True
A,CBD_Coffee Bean Dataset/A/228.jpg,2872.0,2872.0,
A,CBD_Coffee Bean Dataset/A/214.jpg,2960.0,2960.0,
A,CBD_Coffee Bean Dataset/A/215.jpg,2947.0,2947.0,
A,CBD_Coffee Bean Dataset/A/229.jpg,2893.0,2893.0,
A,CBD_Coffee Bean Dataset/A/217.jpg,2953.0,2953.0,
A,CBD_Coffee Bean Dataset/A/216.jpg,2937.0,2937.0,
A,CBD_Coffee Bean Dataset/A/212.jpg,2918.0,2918.0,
A,CBD_Coffee Bean Dataset/A/213.jpg,3003.0,3003.0,
A,CBD_Coffee Bean Dataset/A/239.jpg,2947.0,2947.0,
A,CBD_Coffee Bean Dataset/A/238.jpg,2976.0,2976.0,
A,CBD_Coffee Bean Dataset/A/248.jpg,3024.0,3024.0,
A,CBD_Coffee Bean Dataset/A/260.jpg,3024.0,3024.0,
A,CBD_Coffee Bean Dataset/A/261.jpg,3024.0,3024.0,
A,CBD_Coffee Bean Dataset/A/249.jpg,3024.0,3024.0,
A,CBD_Coffee Bean Dataset/A/259.jpg,3024.0,3024.0,
A,CBD_Coffee Bean Dataset/A/258.jpg,3024.0,3024.0,
A,CBD_Coffee Bean Dataset/A/256.jpg,3024.0,3024.0,
A,CBD_Coffee Bean Dataset/A/242.jpg,2909.0,2909.0,
A,CBD_Coffee Bean Dataset/A/243.jpg,2960.0,2960.0,
A,CBD_Coffee Bean Dataset/A/257.jpg,3024.0,3024.0,
A,CBD_Coffee Bean Dataset/A/241.jpg,2906.0,2906.0,
A,CBD_Coffee Bean Dataset/A/255.jpg,3024.0,3024.0,
A,CBD_Coffee Bean Dataset/A/254.jpg,3024.0,3024.0,
A,CBD_Coffee Bean Dataset/A/240.jpg,2937.0,2937.0,
A,CBD_Coffee Bean Dataset/A/244.jpg,2980.0,2980.0,
A,CBD_Coffee Bean Dataset/A/250.jpg,3024.0,3024.0,
A,CBD_Coffee Bean Dataset/A/251.jpg,3024.0,3024.0,
A,CBD_Coffee Bean Dataset/A/245.jpg,2970.0,2970.0,
A,CBD_Coffee Bean Dataset/A/253.jpg,3024.0,3024.0,
A,CBD_Coffee Bean Dataset/A/247.jpg,2940.0,2940.0,
A,CBD_Coffee Bean Dataset/A/246.jpg,2937.0,2937.0,
A,CBD_Coffee Bean Dataset/A/252.jpg,3024.0,3024.0,
A,CBD_Coffee Bean Dataset/A/235.jpg,2950.0,2950.0,
A,CBD_Coffee Bean Dataset/A/221.jpg,2900.0,2900.0,
A,CBD_Coffee Bean Dataset/A/220.jpg,2861.0,2861.0,
A,CBD_Coffee Bean Dataset/A/234.jpg,2970.0,2970.0,
A,CBD_Coffee Bean Dataset/A/222.jpg,2918.0,2918.0,
A,CBD_Coffee Bean Dataset/A/236.jpg,2966.0,2966.0,
A,CBD_Coffee Bean Dataset/A/237.jpg,2921.0,2921.0,
A,CBD_Coffee Bean Dataset/A/223.jpg,2928.0,2928.0,
A,CBD_Coffee Bean Dataset/A/227.jpg,2912.0,2912.0,
A,CBD_Coffee Bean Dataset/A/233.jpg,2912.0,2912.0,
A,CBD_Coffee Bean Dataset/A/232.jpg,2934.0,2934.0,
A,CBD_Coffee Bean Dataset/A/226.jpg,2934.0,2934.0,
A,CBD_Coffee Bean Dataset/A/230.jpg,2887.0,2887.0,
A,CBD_Coffee Bean Dataset/A/224.jpg,2966.0,2966.0,
A,CBD_Coffee Bean Dataset/A/218.jpg,2966.0,2966.0,
A,CBD_Coffee Bean Dataset/A/219.jpg,2960.0,2960.0,
A,CBD_Coffee Bean Dataset/A/225.jpg,2966.0,2966.0,
A,CBD_Coffee Bean Dataset/A/231.jpg,2900.0,2900.0,
AA,CBD_Coffee Bean Dataset/AA/63.jpg,2972.0,3963.0,
AA,CBD_Coffee Bean Dataset/AA/77.jpg,2944.0,3925.0,
AA,CBD_Coffee Bean Dataset/AA/88.jpg,2887.0,3849.0,
AA,CBD_Coffee Bean Dataset/AA/89.jpg,4032.0,3024.0,
AA,CBD_Coffee Bean Dataset/AA/76.jpg,2968.0,3957.0,
AA,CBD_Coffee Bean Dataset/AA/62.jpg,3931.0,2948.0,
AA,CBD_Coffee Bean Dataset/AA/74.jpg,2932.0,3909.0,
AA,CBD_Coffee Bean Dataset/AA/60.jpg,2933.0,3911.0,
AA,CBD_Coffee Bean Dataset/AA/61.jpg,2969.0,3959.0,
AA,CBD_Coffee Bean Dataset/AA/75.jpg,2963.0,3951.0,
AA,CBD_Coffee Bean Dataset/AA/59.jpg,2926.0,3901.0,
AA,CBD_Coffee Bean Dataset/AA/71.jpg,3885.0,2914.0,
AA,CBD_Coffee Bean Dataset/AA/65.jpg,2909.0,3878.0,
AA,CBD_Coffee Bean Dataset/AA/64.jpg,2961.0,3947.0,
AA,CBD_Coffee Bean Dataset/AA/70.jpg,4032.0,3024.0,
AA,CBD_Coffee Bean Dataset/AA/58.jpg,3964.0,2973.0,
AA,CBD_Coffee Bean Dataset/AA/66.jpg,2937.0,2937.0,
AA,CBD_Coffee Bean Dataset/AA/72.jpg,2932.0,3909.0,
AA,CBD_Coffee Bean Dataset/AA/99.jpg,4032.0,3024.0,
AA,CBD_Coffee Bean Dataset/AA/98.jpg,4032.0,3024.0,
AA,CBD_Coffee Bean Dataset/AA/73.jpg,3897.0,2923.0,
AA,CBD_Coffee Bean Dataset/AA/67.jpg,2938.0,3917.0,
AA,CBD_Coffee Bean Dataset/AA/101.jpg,4032.0,3024.0,
AA,CBD_Coffee Bean Dataset/AA/100.jpg,4032.0,3024.0,
AA,CBD_Coffee Bean Dataset/AA/102.jpg,2956.0,3941.0,
AA,CBD_Coffee Bean Dataset/AA/103.jpg,4032.0,3024.0,
AA,CBD_Coffee Bean Dataset/AA/107.jpg,2895.0,3860.0,
AA,CBD_Coffee Bean Dataset/AA/106.jpg,4032.0,3024.0,
AA,CBD_Coffee Bean Dataset/AA/104.jpg,3947.0,2960.0,
AA,CBD_Coffee Bean Dataset/AA/110.jpg,4032.0,3024.0,
AA,CBD_Coffee Bean Dataset/AA/111.jpg,4032.0,3024.0,
AA,CBD_Coffee Bean Dataset/AA/105.jpg,2933.0,3911.0,
AA,CBD_Coffee Bean Dataset/AA/108.jpg,3872.0,2904.0,
AA,CBD_Coffee Bean Dataset/AA/109.jpg,2907.0,3876.0,
AA,CBD_Coffee Bean Dataset/AA/56.jpg,4032.0,3024.0,
AA,CBD_Coffee Bean Dataset/AA/81.jpg,4032.0,3024.0,
AA,CBD_Coffee Bean Dataset/AA/95.jpg,3909.0,2932.0,
AA,CBD_Coffee Bean Dataset/AA/94.jpg,2932.0,3909.0,
AA,CBD_Coffee Bean Dataset/AA/80.jpg,4032.0,3024.0,
AA,CBD_Coffee Bean Dataset/AA/57.jpg,2963.0,3951.0,
AA,CBD_Coffee Bean Dataset/AA/55.jpg,2914.0,3885.0,
AA,CBD_Coffee Bean Dataset/AA/69.jpg,4032.0,3024.0,
AA,CBD_Coffee Bean Dataset/AA/96.jpg,4032.0,3024.0,
AA,CBD_Coffee Bean Dataset/AA/82.jpg,2914.0,3885.0,
AA,CBD_Coffee Bean Dataset/AA/83.jpg,2932.0,3909.0,
AA,CBD_Coffee Bean Dataset/AA/97.jpg,4032.0,3024.0,
AA,CBD_Coffee Bean Dataset/AA/68.jpg,2920.0,3893.0,
AA,CBD_Coffee Bean Dataset/AA/54.jpg,2840.0,3786.0,
AA,CBD_Coffee Bean Dataset/AA/78.jpg,2964.0,3952.0,
AA,CBD_Coffee Bean Dataset/AA/93.jpg,4032.0,3024.0,
AA,CBD_Coffee Bean Dataset/AA/87.jpg,2898.0,3864.0,
AA,CBD_Coffee Bean Dataset/AA/86.jpg,2956.0,3941.0,
AA,CBD_Coffee Bean Dataset/AA/92.jpg,4032.0,3024.0,
AA,CBD_Coffee Bean Dataset/AA/51.jpg,3024.0,3024.0,
AA,CBD_Coffee Bean Dataset/AA/79.jpg,2975.0,4032.0,
AA,CBD_Coffee Bean Dataset/AA/53.jpg,2926.0,3901.0,
AA,CBD_Coffee Bean Dataset/AA/84.jpg,4032.0,3024.0,
AA,CBD_Coffee Bean Dataset/AA/90.jpg,2920.0,3893.0,
AA,CBD_Coffee Bean Dataset/AA/91.jpg,2963.0,3951.0,
AA,CBD_Coffee Bean Dataset/AA/85.jpg,4032.0,3024.0,
AA,CBD_Coffee Bean Dataset/AA/52.jpg,4032.0,3024.0,
AAA,CBD_Coffee Bean Dataset/AAA/48.jpg,4032.0,3024.0,
AAA,CBD_Coffee Bean Dataset/AAA/49.jpg,4032.0,3024.0,
AAA,CBD_Coffee Bean Dataset/AAA/8.jpg,4032.0,3024.0,
AAA,CBD_Coffee Bean Dataset/AAA/9.jpg,4032.0,3024.0,
AAA,CBD_Coffee Bean Dataset/AAA/14.jpg,4032.0,3024.0,
AAA,CBD_Coffee Bean Dataset/AAA/28.jpg,4032.0,3024.0,
AAA,CBD_Coffee Bean Dataset/AAA/29.jpg,4032.0,3024.0,
AAA,CBD_Coffee Bean Dataset/AAA/15.jpg,4032.0,3024.0,
AAA,CBD_Coffee Bean Dataset/AAA/17.jpg,4032.0,3024.0,
AAA,CBD_Coffee Bean Dataset/AAA/16.jpg,4032.0,3024.0,
AAA,CBD_Coffee Bean Dataset/AAA/12.jpg,4032.0,3024.0,
AAA,CBD_Coffee Bean Dataset/AAA/13.jpg,4032.0,3024.0,
AAA,CBD_Coffee Bean Dataset/AAA/39.jpg,4032.0,3024.0,
AAA,CBD_Coffee Bean Dataset/AAA/11.jpg,4032.0,3024.0,
AAA,CBD_Coffee Bean Dataset/AAA/10.jpg,4032.0,3024.0,
AAA,CBD_Coffee Bean Dataset/AAA/38.jpg,4032.0,3024.0,
AAA,CBD_Coffee Bean Dataset/AAA/21.jpg,4032.0,3024.0,
AAA,CBD_Coffee Bean Dataset/AAA/35.jpg,4032.0,3024.0,
AAA,CBD_Coffee Bean Dataset/AAA/34.jpg,4032.0,3024.0,
AAA,CBD_Coffee Bean Dataset/AAA/20.jpg,4032.0,3024.0,
AAA,CBD_Coffee Bean Dataset/AAA/36.jpg,4032.0,3024.0,
AAA,CBD_Coffee Bean Dataset/AAA/22.jpg,4032.0,3024.0,
AAA,CBD_Coffee Bean Dataset/AAA/23.jpg,4032.0,3024.0,
AAA,CBD_Coffee Bean Dataset/AAA/37.jpg,4032.0,3024.0,
AAA,CBD_Coffee Bean Dataset/AAA/33.jpg,4032.0,3024.0,
AAA,CBD_Coffee Bean Dataset/AAA/27.jpg,4032.0,3024.0,
AAA,CBD_Coffee Bean Dataset/AAA/26.jpg,4032.0,3024.0,
AAA,CBD_Coffee Bean Dataset/AAA/32.jpg,4032.0,3024.0,
AAA,CBD_Coffee Bean Dataset/AAA/18.jpg,4032.0,3024.0,
AAA,CBD_Coffee Bean Dataset/AAA/24.jpg,4032.0,3024.0,
AAA,CBD_Coffee Bean Dataset/AAA/30.jpg,4032.0,3024.0,
AAA,CBD_Coffee Bean Dataset/AAA/31.jpg,4032.0,3024.0,
AAA,CBD_Coffee Bean Dataset/AAA/25.jpg,4032.0,3024.0,
AAA,CBD_Coffee Bean Dataset/AAA/19.jpg,4032.0,3024.0,
AAA,CBD_Coffee Bean Dataset/AAA/42.jpg,4032.0,3024.0,
AAA,CBD_Coffee Bean Dataset/AAA/4.jpg,4032.0,3024.0,
AAA,CBD_Coffee Bean Dataset/AAA/5.jpg,4032.0,3024.0,
AAA,CBD_Coffee Bean Dataset/AAA/43.jpg,4032.0,3024.0,
AAA,CBD_Coffee Bean Dataset/AAA/7.jpg,4032.0,3024.0,
AAA,CBD_Coffee Bean Dataset/AAA/41.jpg,4032.0,3024.0,
AAA,CBD_Coffee Bean Dataset/AAA/40.jpg,4032.0,3024.0,
AAA,CBD_Coffee Bean Dataset/AAA/6.jpg,4032.0,3024.0,
AAA,CBD_Coffee Bean Dataset/AAA/2.jpg,4032.0,3024.0,
AAA,CBD_Coffee Bean Dataset/AAA/50.jpg,4032.0,3024.0,
AAA,CBD_Coffee Bean Dataset/AAA/44.jpg,4032.0,3024.0,
AAA,CBD_Coffee Bean Dataset/AAA/45.jpg,4032.0,3024.0,
AAA,CBD_Coffee Bean Dataset/AAA/3.jpg,4032.0,3024.0,
AAA,CBD_Coffee Bean Dataset/AAA/47.jpg,4032.0,3024.0,
AAA,CBD_Coffee Bean Dataset/AAA/1.jpg,4032.0,3024.0,
AAA,CBD_Coffee Bean Dataset/AAA/46.jpg,4032.0,3024.0,
AB,CBD_Coffee Bean Dataset/AB/149.jpg,2840.0,3787.0,
AB,CBD_Coffee Bean Dataset/AB/161.jpg,2834.0,3779.0,
AB,CBD_Coffee Bean Dataset/AB/160.jpg,2849.0,3799.0,
AB,CBD_Coffee Bean Dataset/AB/148.jpg,2831.0,3775.0,
AB,CBD_Coffee Bean Dataset/AB/158.jpg,2779.0,3705.0,
AB,CBD_Coffee Bean Dataset/AB/159.jpg,2779.0,3705.0,
AB,CBD_Coffee Bean Dataset/AB/129.jpg,2863.0,3817.0,
AB,CBD_Coffee Bean Dataset/AB/115.jpg,2803.0,3737.0,
AB,CBD_Coffee Bean Dataset/AB/114.jpg,2797.0,3729.0,
AB,CBD_Coffee Bean Dataset/AB/128.jpg,2815.0,3753.0,
AB,CBD_Coffee Bean Dataset/AB/116.jpg,2815.0,3753.0,
AB,CBD_Coffee Bean Dataset/AB/117.jpg,2821.0,3761.0,
AB,CBD_Coffee Bean Dataset/AB/113.jpg,2809.0,3745.0,
AB,CBD_Coffee Bean Dataset/AB/112.jpg,2786.0,3715.0,
AB,CBD_Coffee Bean Dataset/AB/138.jpg,2878.0,3837.0,
AB,CBD_Coffee Bean Dataset/AB/139.jpg,2809.0,3745.0,
AB,CBD_Coffee Bean Dataset/AB/120.jpg,2849.0,3799.0,
AB,CBD_Coffee Bean Dataset/AB/134.jpg,2871.0,3828.0,
AB,CBD_Coffee Bean Dataset/AB/135.jpg,2894.0,3859.0,
AB,CBD_Coffee Bean Dataset/AB/121.jpg,2809.0,3745.0,
AB,CBD_Coffee Bean Dataset/AB/137.jpg,2918.0,3891.0,
AB,CBD_Coffee Bean Dataset/AB/123.jpg,2828.0,3771.0,
AB,CBD_Coffee Bean Dataset/AB/122.jpg,2849.0,3799.0,
AB,CBD_Coffee Bean Dataset/AB/136.jpg,2883.0,3844.0,
AB,CBD_Coffee Bean Dataset/AB/132.jpg,2852.0,3803.0,
AB,CBD_Coffee Bean Dataset/AB/126.jpg,2821.0,3761.0,
AB,CBD_Coffee Bean Dataset/AB/127.jpg,2792.0,3723.0,
AB,CBD_Coffee Bean Dataset/AB/133.jpg,2852.0,3803.0,
AB,CBD_Coffee Bean Dataset/AB/125.jpg,2855.0,3807.0,
AB,CBD_Coffee Bean Dataset/AB/131.jpg,2918.0,3891.0,
AB,CBD_Coffee Bean Dataset/AB/119.jpg,2823.0,3764.0,
AB,CBD_Coffee Bean Dataset/AB/118.jpg,2825.0,3767.0,
AB,CBD_Coffee Bean Dataset/AB/130.jpg,2858.0,3811.0,
AB,CBD_Coffee Bean Dataset/AB/124.jpg,2734.0,3645.0,
AB,CBD_Coffee Bean Dataset/AB/143.jpg,2809.0,3745.0,
AB,CBD_Coffee Bean Dataset/AB/157.jpg,2772.0,3696.0,
AB,CBD_Coffee Bean Dataset/AB/156.jpg,2742.0,3656.0,
AB,CBD_Coffee Bean Dataset/AB/142.jpg,2780.0,3707.0,
AB,CBD_Coffee Bean Dataset/AB/154.jpg,2963.0,3951.0,
AB,CBD_Coffee Bean Dataset/AB/140.jpg,2826.0,4032.0,
AB,CBD_Coffee Bean Dataset/AB/141.jpg,2809.0,3745.0,
AB,CBD_Coffee Bean Dataset/AB/155.jpg,2771.0,3695.0,
AB,CBD_Coffee Bean Dataset/AB/151.jpg,2748.0,3664.0,
AB,CBD_Coffee Bean Dataset/AB/145.jpg,2815.0,3753.0,
AB,CBD_Coffee Bean Dataset/AB/144.jpg,2838.0,3784.0,
AB,CBD_Coffee Bean Dataset/AB/150.jpg,2877.0,3836.0,
AB,CBD_Coffee Bean Dataset/AB/146.jpg,2834.0,3779.0,
AB,CBD_Coffee Bean Dataset/AB/152.jpg,2826.0,3768.0,
AB,CBD_Coffee Bean Dataset/AB/153.jpg,2924.0,3899.0,
AB,CBD_Coffee Bean Dataset/AB/147.jpg,2809.0,3745.0,
Bits,CBD_Coffee Bean Dataset/Bits/303.jpg,3024.0,3024.0,
Bits,CBD_Coffee Bean Dataset/Bits/288.jpg,3024.0,3024.0,
Bits,CBD_Coffee Bean Dataset/Bits/277.jpg,3024.0,3024.0,
Bits,CBD_Coffee Bean Dataset/Bits/263.jpg,3024.0,3024.0,
Bits,CBD_Coffee Bean Dataset/Bits/262.jpg,3024.0,3024.0,
Bits,CBD_Coffee Bean Dataset/Bits/276.jpg,3024.0,3024.0,
Bits,CBD_Coffee Bean Dataset/Bits/289.jpg,3024.0,3024.0,
Bits,CBD_Coffee Bean Dataset/Bits/302.jpg,3024.0,3024.0,
Bits,CBD_Coffee Bean Dataset/Bits/300.jpg,3024.0,3024.0,
Bits,CBD_Coffee Bean Dataset/Bits/274.jpg,3024.0,3024.0,
Bits,CBD_Coffee Bean Dataset/Bits/275.jpg,3024.0,3024.0,
Bits,CBD_Coffee Bean Dataset/Bits/301.jpg,3024.0,3024.0,
Bits,CBD_Coffee Bean Dataset/Bits/311.jpg,3024.0,3024.0,
Bits,CBD_Coffee Bean Dataset/Bits/305.jpg,3024.0,3024.0,
Bits,CBD_Coffee Bean Dataset/Bits/265.jpg,2990.0,2990.0,
Bits,CBD_Coffee Bean Dataset/Bits/271.jpg,2944.0,2944.0,
Bits,CBD_Coffee Bean Dataset/Bits/270.jpg,2950.0,2950.0,
Bits,CBD_Coffee Bean Dataset/Bits/264.jpg,3024.0,3024.0,
Bits,CBD_Coffee Bean Dataset/Bits/304.jpg,3024.0,3024.0,
Bits,CBD_Coffee Bean Dataset/Bits/310.jpg,3024.0,3024.0,
Bits,CBD_Coffee Bean Dataset/Bits/306.jpg,2970.0,2970.0,
Bits,CBD_Coffee Bean Dataset/Bits/312.jpg,3024.0,3024.0,
Bits,CBD_Coffee Bean Dataset/Bits/299.jpg,3024.0,3024.0,
Bits,CBD_Coffee Bean Dataset/Bits/272.jpg,3024.0,3024.0,
Bits,CBD_Coffee Bean Dataset/Bits/266.jpg,3003.0,3003.0,
Bits,CBD_Coffee Bean Dataset/Bits/267.jpg,2993.0,2993.0,
Bits,CBD_Coffee Bean Dataset/Bits/273.jpg,2996.0,2996.0,
Bits,CBD_Coffee Bean Dataset/Bits/298.jpg,2956.0,2956.0,
Bits,CBD_Coffee Bean Dataset/Bits/307.jpg,3003.0,3003.0,
Bits,CBD_Coffee Bean Dataset/Bits/295.jpg,3024.0,3024.0,
Bits,CBD_Coffee Bean Dataset/Bits/281.jpg,3024.0,3024.0,
Bits,CBD_Coffee Bean Dataset/Bits/280.jpg,3024.0,3024.0,
Bits,CBD_Coffee Bean Dataset/Bits/294.jpg,2970.0,2970.0,
Bits,CBD_Coffee Bean Dataset/Bits/309.jpg,3024.0,3024.0,
Bits,CBD_Coffee Bean Dataset/Bits/282.jpg,3024.0,3024.0,
Bits,CBD_Coffee Bean Dataset/Bits/296.jpg,3024.0,3024.0,
Bits,CBD_Coffee Bean Dataset/Bits/269.jpg,2944.0,2944.0,
Bits,CBD_Coffee Bean Dataset/Bits/268.jpg,2970.0,2970.0,
Bits,CBD_Coffee Bean Dataset/Bits/297.jpg,2986.0,2986.0,
Bits,CBD_Coffee Bean Dataset/Bits/283.jpg,3024.0,3024.0,
Bits,CBD_Coffee Bean Dataset/Bits/308.jpg,2953.0,2953.0,
Bits,CBD_Coffee Bean Dataset/Bits/287.jpg,3024.0,3024.0,
Bits,CBD_Coffee Bean Dataset/Bits/293.jpg,3024.0,3024.0,
Bits,CBD_Coffee Bean Dataset/Bits/278.jpg,3024.0,3024.0,
Bits,CBD_Coffee Bean Dataset/Bits/279.jpg,3024.0,3024.0,
Bits,CBD_Coffee Bean Dataset/Bits/292.jpg,3024.0,3024.0,
Bits,CBD_Coffee Bean Dataset/Bits/286.jpg,3024.0,3024.0,
Bits,CBD_Coffee Bean Dataset/Bits/290.jpg,2944.0,2944.0,
Bits,CBD_Coffee Bean Dataset/Bits/284.jpg,3024.0,3024.0,
Bits,CBD_Coffee Bean Dataset/Bits/285.jpg,3000.0,3000.0,
Bits,CBD_Coffee Bean Dataset/Bits/291.jpg,3024.0,3024.0,
Bulk,CBD_Coffee Bean Dataset/Bulk/439.jpg,3024.0,3024.0,
Bulk,CBD_Coffee Bean Dataset/Bulk/438.jpg,3024.0,3024.0,
Bulk,CBD_Coffee Bean Dataset/Bulk/428.jpg,3024.0,3024.0,
Bulk,CBD_Coffee Bean Dataset/Bulk/429.jpg,3024.0,3024.0,
Bulk,CBD_Coffee Bean Dataset/Bulk/415.jpg,3024.0,2914.0,
Bulk,CBD_Coffee Bean Dataset/Bulk/417.jpg,3024.0,3024.0,
Bulk,CBD_Coffee Bean Dataset/Bulk/416.jpg,3024.0,3024.0,
Bulk,CBD_Coffee Bean Dataset/Bulk/459.jpg,3024.0,3024.0,
Bulk,CBD_Coffee Bean Dataset/Bulk/464.jpg,3024.0,3024.0,
Bulk,CBD_Coffee Bean Dataset/Bulk/458.jpg,3024.0,3024.0,
Bulk,CBD_Coffee Bean Dataset/Bulk/463.jpg,3024.0,3024.0,
Bulk,CBD_Coffee Bean Dataset/Bulk/462.jpg,3024.0,3024.0,
Bulk,CBD_Coffee Bean Dataset/Bulk/460.jpg,3024.0,3024.0,
Bulk,CBD_Coffee Bean Dataset/Bulk/448.jpg,3024.0,3024.0,
Bulk,CBD_Coffee Bean Dataset/Bulk/449.jpg,3024.0,3024.0,
Bulk,CBD_Coffee Bean Dataset/Bulk/461.jpg,3024.0,3024.0,
Bulk,CBD_Coffee Bean Dataset/Bulk/444.jpg,3024.0,3024.0,
Bulk,CBD_Coffee Bean Dataset/Bulk/450.jpg,3024.0,3024.0,
Bulk,CBD_Coffee Bean Dataset/Bulk/451.jpg,3024.0,3024.0,
Bulk,CBD_Coffee Bean Dataset/Bulk/445.jpg,3024.0,3024.0,
Bulk,CBD_Coffee Bean Dataset/Bulk/453.jpg,3024.0,3024.0,
Bulk,CBD_Coffee Bean Dataset/Bulk/447.jpg,3024.0,3024.0,
Bulk,CBD_Coffee Bean Dataset/Bulk/446.jpg,3024.0,3024.0,
Bulk,CBD_Coffee Bean Dataset/Bulk/452.jpg,3024.0,3024.0,
Bulk,CBD_Coffee Bean Dataset/Bulk/456.jpg,3024.0,3024.0,
Bulk,CBD_Coffee Bean Dataset/Bulk/442.jpg,3024.0,3024.0,
Bulk,CBD_Coffee Bean Dataset/Bulk/443.jpg,3024.0,3024.0,
Bulk,CBD_Coffee Bean Dataset/Bulk/457.jpg,3024.0,3024.0,
Bulk,CBD_Coffee Bean Dataset/Bulk/441.jpg,3024.0,3024.0,
Bulk,CBD_Coffee Bean Dataset/Bulk/455.jpg,3024.0,3024.0,
Bulk,CBD_Coffee Bean Dataset/Bulk/454.jpg,3024.0,3024.0,
Bulk,CBD_Coffee Bean Dataset/Bulk/440.jpg,3024.0,3024.0,
Bulk,CBD_Coffee Bean Dataset/Bulk/427.jpg,3024.0,3024.0,
Bulk,CBD_Coffee Bean Dataset/Bulk/433.jpg,3024.0,3024.0,
Bulk,CBD_Coffee Bean Dataset/Bulk/432.jpg,3024.0,3024.0,
Bulk,CBD_Coffee Bean Dataset/Bulk/426.jpg,3024.0,3024.0,
Bulk,CBD_Coffee Bean Dataset/Bulk/418.jpg,3024.0,3024.0,
Bulk,CBD_Coffee Bean Dataset/Bulk/430.jpg,3024.0,3024.0,
Bulk,CBD_Coffee Bean Dataset/Bulk/424.jpg,3024.0,3024.0,
Bulk,CBD_Coffee Bean Dataset/Bulk/425.jpg,3024.0,3024.0,
Bulk,CBD_Coffee Bean Dataset/Bulk/431.jpg,3024.0,3024.0,
Bulk,CBD_Coffee Bean Dataset/Bulk/419.jpg,3024.0,3024.0,
Bulk,CBD_Coffee Bean Dataset/Bulk/435.jpg,3024.0,3024.0,
Bulk,CBD_Coffee Bean Dataset/Bulk/421.jpg,3024.0,3024.0,
Bulk,CBD_Coffee Bean Dataset/Bulk/420.jpg,3024.0,3024.0,
Bulk,CBD_Coffee Bean Dataset/Bulk/434.jpg,3024.0,3024.0,
Bulk,CBD_Coffee Bean Dataset/Bulk/422.jpg,3024.0,3024.0,
Bulk,CBD_Coffee Bean Dataset/Bulk/436.jpg,3024.0,3024.0,
Bulk,CBD_Coffee Bean Dataset/Bulk/437.jpg,3024.0,3024.0,
Bulk,CBD_Coffee Bean Dataset/Bulk/423.jpg,3024.0,3024.0,
C,CBD_Coffee Bean Dataset/C/348.jpg,3024.0,3024.0,
C,CBD_Coffee Bean Dataset/C/360.jpg,3024.0,3024.0,
C,CBD_Coffee Bean Dataset/C/361.jpg,3024.0,3024.0,
C,CBD_Coffee Bean Dataset/C/349.jpg,3024.0,3024.0,
C,CBD_Coffee Bean Dataset/C/363.jpg,3024.0,3024.0,
C,CBD_Coffee Bean Dataset/C/362.jpg,2937.0,2937.0,
C,CBD_Coffee Bean Dataset/C/359.jpg,3024.0,3024.0,
C,CBD_Coffee Bean Dataset/C/358.jpg,3024.0,3024.0,
C,CBD_Coffee Bean Dataset/C/317.jpg,2983.0,2983.0,
C,CBD_Coffee Bean Dataset/C/316.jpg,3024.0,3024.0,
C,CBD_Coffee Bean Dataset/C/328.jpg,2931.0,2931.0,
C,CBD_Coffee Bean Dataset/C/314.jpg,2980.0,2980.0,
C,CBD_Coffee Bean Dataset/C/315.jpg,3024.0,3024.0,
C,CBD_Coffee Bean Dataset/C/329.jpg,2944.0,2944.0,
C,CBD_Coffee Bean Dataset/C/339.jpg,3024.0,3024.0,
C,CBD_Coffee Bean Dataset/C/338.jpg,3024.0,3024.0,
C,CBD_Coffee Bean Dataset/C/313.jpg,2960.0,2960.0,
C,CBD_Coffee Bean Dataset/C/322.jpg,3024.0,3024.0,
C,CBD_Coffee Bean Dataset/C/336.jpg,3024.0,3024.0,
C,CBD_Coffee Bean Dataset/C/337.jpg,3024.0,3024.0,
C,CBD_Coffee Bean Dataset/C/323.jpg,3024.0,3024.0,
C,CBD_Coffee Bean Dataset/C/335.jpg,3024.0,3024.0,
C,CBD_Coffee Bean Dataset/C/321.jpg,2966.0,2966.0,
C,CBD_Coffee Bean Dataset/C/320.jpg,2947.0,2947.0,
C,CBD_Coffee Bean Dataset/C/334.jpg,2966.0,2966.0,
C,CBD_Coffee Bean Dataset/C/330.jpg,2950.0,2950.0,
C,CBD_Coffee Bean Dataset/C/324.jpg,3024.0,3024.0,
C,CBD_Coffee Bean Dataset/C/318.jpg,2990.0,2990.0,
C,CBD_Coffee Bean Dataset/C/319.jpg,3024.0,3024.0,
C,CBD_Coffee Bean Dataset/C/325.jpg,3024.0,3024.0,
C,CBD_Coffee Bean Dataset/C/331.jpg,3024.0,3024.0,
C,CBD_Coffee Bean Dataset/C/327.jpg,2915.0,2915.0,
C,CBD_Coffee Bean Dataset/C/333.jpg,2996.0,2996.0,
C,CBD_Coffee Bean Dataset/C/332.jpg,2990.0,2990.0,
C,CBD_Coffee Bean Dataset/C/326.jpg,2900.0,2900.0,
C,CBD_Coffee Bean Dataset/C/341.jpg,3024.0,3024.0,
C,CBD_Coffee Bean Dataset/C/355.jpg,3024.0,3024.0,
C,CBD_Coffee Bean Dataset/C/354.jpg,3024.0,3024.0,
C,CBD_Coffee Bean Dataset/C/340.jpg,3024.0,3024.0,
C,CBD_Coffee Bean Dataset/C/356.jpg,3024.0,3024.0,
C,CBD_Coffee Bean Dataset/C/342.jpg,3024.0,3024.0,
C,CBD_Coffee Bean Dataset/C/343.jpg,3024.0,3024.0,
C,CBD_Coffee Bean Dataset/C/357.jpg,3024.0,3024.0,
C,CBD_Coffee Bean Dataset/C/353.jpg,3024.0,3024.0,
C,CBD_Coffee Bean Dataset/C/347.jpg,3024.0,3024.0,
C,CBD_Coffee Bean Dataset/C/346.jpg,3024.0,3024.0,
C,CBD_Coffee Bean Dataset/C/352.jpg,3024.0,3024.0,
C,CBD_Coffee Bean Dataset/C/344.jpg,3024.0,3024.0,
C,CBD_Coffee Bean Dataset/C/350.jpg,3024.0,3024.0,
C,CBD_Coffee Bean Dataset/C/351.jpg,3024.0,3024.0,
C,CBD_Coffee Bean Dataset/C/345.jpg,3024.0,3024.0,
PB-I,CBD_Coffee Bean Dataset/PB-I/406.jpg,3024.0,3024.0,
PB-I,CBD_Coffee Bean Dataset/PB-I/412.jpg,3024.0,3024.0,
PB-I,CBD_Coffee Bean Dataset/PB-I/374.jpg,3024.0,3024.0,
PB-I,CBD_Coffee Bean Dataset/PB-I/413.jpg,3024.0,3024.0,
PB-I,CBD_Coffee Bean Dataset/PB-I/375.jpg,3024.0,3024.0,
PB-I,CBD_Coffee Bean Dataset/PB-I/407.jpg,3024.0,3024.0,
PB-I,CBD_Coffee Bean Dataset/PB-I/388.jpg,3024.0,3024.0,
PB-I,CBD_Coffee Bean Dataset/PB-I/377.jpg,3024.0,3024.0,
PB-I,CBD_Coffee Bean Dataset/PB-I/411.jpg,3024.0,3024.0,
PB-I,CBD_Coffee Bean Dataset/PB-I/405.jpg,3024.0,3024.0,
PB-I,CBD_Coffee Bean Dataset/PB-I/404.jpg,3024.0,3024.0,
PB-I,CBD_Coffee Bean Dataset/PB-I/376.jpg,3024.0,3024.0,
PB-I,CBD_Coffee Bean Dataset/PB-I/410.jpg,3024.0,3024.0,
PB-I,CBD_Coffee Bean Dataset/PB-I/389.jpg,3024.0,3024.0,
PB-I,CBD_Coffee Bean Dataset/PB-I/399.jpg,3024.0,3024.0,
PB-I,CBD_Coffee Bean Dataset/PB-I/414.jpg,3024.0,3024.0,
PB-I,CBD_Coffee Bean Dataset/PB-I/372.jpg,3024.0,3024.0,
PB-I,CBD_Coffee Bean Dataset/PB-I/366.jpg,2980.0,2980.0,
PB-I,CBD_Coffee Bean Dataset/PB-I/400.jpg,3024.0,3024.0,
PB-I,CBD_Coffee Bean Dataset/PB-I/367.jpg,2980.0,2980.0,
PB-I,CBD_Coffee Bean Dataset/PB-I/401.jpg,3024.0,3024.0,
PB-I,CBD_Coffee Bean Dataset/PB-I/373.jpg,3024.0,3024.0,
PB-I,CBD_Coffee Bean Dataset/PB-I/398.jpg,3024.0,3024.0,
PB-I,CBD_Coffee Bean Dataset/PB-I/403.jpg,3024.0,3024.0,
PB-I,CBD_Coffee Bean Dataset/PB-I/365.jpg,2963.0,2963.0,
PB-I,CBD_Coffee Bean Dataset/PB-I/371.jpg,3024.0,3024.0,
PB-I,CBD_Coffee Bean Dataset/PB-I/370.jpg,3024.0,3024.0,
PB-I,CBD_Coffee Bean Dataset/PB-I/402.jpg,3024.0,3024.0,
PB-I,CBD_Coffee Bean Dataset/PB-I/364.jpg,2986.0,2986.0,
PB-I,CBD_Coffee Bean Dataset/PB-I/382.jpg,3024.0,3024.0,
PB-I,CBD_Coffee Bean Dataset/PB-I/396.jpg,3024.0,3024.0,
PB-I,CBD_Coffee Bean Dataset/PB-I/369.jpg,3024.0,3024.0,
PB-I,CBD_Coffee Bean Dataset/PB-I/368.jpg,2976.0,2976.0,
PB-I,CBD_Coffee Bean Dataset/PB-I/397.jpg,3024.0,3024.0,
PB-I,CBD_Coffee Bean Dataset/PB-I/383.jpg,3024.0,3024.0,
PB-I,CBD_Coffee Bean Dataset/PB-I/395.jpg,3024.0,3024.0,
PB-I,CBD_Coffee Bean Dataset/PB-I/381.jpg,3024.0,3024.0,
PB-I,CBD_Coffee Bean Dataset/PB-I/380.jpg,3024.0,3024.0,
PB-I,CBD_Coffee Bean Dataset/PB-I/394.jpg,3024.0,3024.0,
PB-I,CBD_Coffee Bean Dataset/PB-I/390.jpg,3024.0,3024.0,
PB-I,CBD_Coffee Bean Dataset/PB-I/384.jpg,3024.0,3024.0,
PB-I,CBD_Coffee Bean Dataset/PB-I/409.jpg,3024.0,3024.0,
PB-I,CBD_Coffee Bean Dataset/PB-I/408.jpg,3024.0,3024.0,
PB-I,CBD_Coffee Bean Dataset/PB-I/385.jpg,3024.0,3024.0,
PB-I,CBD_Coffee Bean Dataset/PB-I/391.jpg,3024.0,3024.0,
PB-I,CBD_Coffee Bean Dataset/PB-I/387.jpg,3024.0,3024.0,
PB-I,CBD_Coffee Bean Dataset/PB-I/393.jpg,3024.0,3024.0,
PB-I,CBD_Coffee Bean Dataset/PB-I/378.jpg,3024.0,3024.0,
PB-I,CBD_Coffee Bean Dataset/PB-I/379.jpg,3024.0,3024.0,
PB-I,CBD_Coffee Bean Dataset/PB-I/392.jpg,3024.0,3024.0,
PB-I,CBD_Coffee Bean Dataset/PB-I/386.jpg,3024.0,3024.0,
PB-II,CBD_Coffee Bean Dataset/PB-II/189.jpg,2864.0,3819.0,
PB-II,CBD_Coffee Bean Dataset/PB-II/162.jpg,2944.0,3925.0,
PB-II,CBD_Coffee Bean Dataset/PB-II/176.jpg,2864.0,3819.0,
PB-II,CBD_Coffee Bean Dataset/PB-II/200.jpg,4032.0,3024.0,
PB-II,CBD_Coffee Bean Dataset/PB-II/201.jpg,4032.0,3024.0,
PB-II,CBD_Coffee Bean Dataset/PB-II/177.jpg,2901.0,3868.0,
PB-II,CBD_Coffee Bean Dataset/PB-II/163.jpg,2877.0,3836.0,
PB-II,CBD_Coffee Bean Dataset/PB-II/188.jpg,2809.0,4032.0,
PB-II,CBD_Coffee Bean Dataset/PB-II/175.jpg,3980.0,2985.0,
PB-II,CBD_Coffee Bean Dataset/PB-II/203.jpg,4032.0,3024.0,
PB-II,CBD_Coffee Bean Dataset/PB-II/202.jpg,4032.0,3024.0,
PB-II,CBD_Coffee Bean Dataset/PB-II/174.jpg,2993.0,3991.0,
PB-II,CBD_Coffee Bean Dataset/PB-II/170.jpg,2770.0,3693.0,
PB-II,CBD_Coffee Bean Dataset/PB-II/164.jpg,2797.0,3729.0,
PB-II,CBD_Coffee Bean Dataset/PB-II/206.jpg,4032.0,3024.0,
PB-II,CBD_Coffee Bean Dataset/PB-II/207.jpg,4032.0,3024.0,
PB-II,CBD_Coffee Bean Dataset/PB-II/165.jpg,2828.0,3771.0,
PB-II,CBD_Coffee Bean Dataset/PB-II/171.jpg,4032.0,3024.0,
PB-II,CBD_Coffee Bean Dataset/PB-II/198.jpg,2926.0,3901.0,
PB-II,CBD_Coffee Bean Dataset/PB-II/167.jpg,2821.0,3761.0,
PB-II,CBD_Coffee Bean Dataset/PB-II/173.jpg,2903.0,3871.0,
PB-II,CBD_Coffee Bean Dataset/PB-II/211.jpg,3841.0,2881.0,
PB-II,CBD_Coffee Bean Dataset/PB-II/205.jpg,4032.0,3024.0,
PB-II,CBD_Coffee Bean Dataset/PB-II/204.jpg,4032.0,3024.0,
PB-II,CBD_Coffee Bean Dataset/PB-II/210.jpg,4032.0,3024.0,
PB-II,CBD_Coffee Bean Dataset/PB-II/172.jpg,4032.0,3024.0,
PB-II,CBD_Coffee Bean Dataset/PB-II/166.jpg,2852.0,3803.0,
PB-II,CBD_Coffee Bean Dataset/PB-II/199.jpg,4032.0,3024.0,
PB-II,CBD_Coffee Bean Dataset/PB-II/180.jpg,2779.0,3705.0,
PB-II,CBD_Coffee Bean Dataset/PB-II/194.jpg,2834.0,3779.0,
PB-II,CBD_Coffee Bean Dataset/PB-II/209.jpg,4032.0,3024.0,
PB-II,CBD_Coffee Bean Dataset/PB-II/208.jpg,4032.0,3024.0,
PB-II,CBD_Coffee Bean Dataset/PB-II/195.jpg,2809.0,3745.0,
PB-II,CBD_Coffee Bean Dataset/PB-II/181.jpg,2757.0,3676.0,
PB-II,CBD_Coffee Bean Dataset/PB-II/197.jpg,2933.0,3911.0,
PB-II,CBD_Coffee Bean Dataset/PB-II/183.jpg,2788.0,3717.0,
PB-II,CBD_Coffee Bean Dataset/PB-II/168.jpg,2772.0,3696.0,
PB-II,CBD_Coffee Bean Dataset/PB-II/169.jpg,2748.0,3664.0,
PB-II,CBD_Coffee Bean Dataset/PB-II/182.jpg,2766.0,3688.0,
PB-II,CBD_Coffee Bean Dataset/PB-II/196.jpg,2895.0,3860.0,
PB-II,CBD_Coffee Bean Dataset/PB-II/192.jpg,2846.0,3795.0,
PB-II,CBD_Coffee Bean Dataset/PB-II/186.jpg,2780.0,3707.0,
PB-II,CBD_Coffee Bean Dataset/PB-II/179.jpg,2772.0,3696.0,
PB-II,CBD_Coffee Bean Dataset/PB-II/178.jpg,2734.0,3645.0,
PB-II,CBD_Coffee Bean Dataset/PB-II/187.jpg,2821.0,3761.0,
PB-II,CBD_Coffee Bean Dataset/PB-II/193.jpg,2821.0,3761.0,
PB-II,CBD_Coffee Bean Dataset/PB-II/185.jpg,2760.0,3680.0,
PB-II,CBD_Coffee Bean Dataset/PB-II/191.jpg,2828.0,3771.0,
PB-II,CBD_Coffee Bean Dataset/PB-II/190.jpg,2779.0,3705.0,
PB-II,CBD_Coffee Bean Dataset/PB-II/184.jpg,2742.0,3656.0,
